categoria,tipo,puesto,puntos
TDF,gc,1,500
TDF,gc,2,380
TDF,gc,3,340
TDF,gc,4,300
TDF,gc,5,280
TDF,gc,6,260
TDF,gc,7,240
TDF,gc,8,220
TDF,gc,9,200
TDF,gc,10,180
TDF,gc,11,160
TDF,gc,12,140
TDF,gc,13,130
TDF,gc,14,120
TDF,gc,15,110
TDF,gc,16,100
TDF,gc,17,90
TDF,gc,18,80
TDF,gc,19,70
TDF,gc,20,60
TDF,gc,21,50
TDF,gc,22,40
TDF,gc,23,35
TDF,gc,24,30
TDF,gc,25,25
TDF,stage,1,100
TDF,stage,2,80
TDF,stage,3,65
TDF,stage,4,55
TDF,stage,5,45
TDF,stage,6,35
TDF,stage,7,30
TDF,stage,8,25
TDF,stage,9,20
TDF,stage,10,17
TDF,stage,11,15
TDF,stage,12,12
TDF,stage,13,10
TDF,stage,14,7
TDF,stage,15,5
TDF,points_final,1,100
TDF,points_final,2,60
TDF,points_final,3,40
TDF,kom_final,1,100
TDF,kom_final,2,60
TDF,kom_final,3,40
TDF,kom_jersey,1,10
GT,gc,1,400
GT,gc,2,304
GT,gc,3,272
GT,gc,4,240
GT,gc,5,224
GT,gc,6,208
GT,gc,7,192
GT,gc,8,176
GT,gc,9,160
GT,gc,10,144
GT,gc,11,128
GT,gc,12,112
GT,gc,13,104
GT,gc,14,96
GT,gc,15,88
GT,gc,16,80
GT,gc,17,72
GT,gc,18,64
GT,gc,19,56
GT,gc,20,48
GT,gc,21,40
GT,gc,22,32
GT,gc,23,28
GT,gc,24,24
GT,gc,25,20
GT,stage,1,80
GT,stage,2,64
GT,stage,3,52
GT,stage,4,44
GT,stage,5,36
GT,stage,6,28
GT,stage,7,24
GT,stage,8,20
GT,stage,9,16
GT,stage,10,14
GT,stage,11,12
GT,stage,12,10
GT,stage,13,8
GT,stage,14,6
GT,stage,15,4
GT,points_final,1,80
GT,points_final,2,48
GT,points_final,3,32
GT,kom_final,1,80
GT,kom_final,2,48
GT,kom_final,3,32
GT,kom_jersey,1,8
WC,oneday,1,350
WC,oneday,2,266
WC,oneday,3,238
WC,oneday,4,210
WC,oneday,5,196
WC,oneday,6,182
WC,oneday,7,168
WC,oneday,8,154
WC,oneday,9,140
WC,oneday,10,126
WC,oneday,11,112
WC,oneday,12,98
WC,oneday,13,91
WC,oneday,14,84
WC,oneday,15,77
WC,oneday,16,70
WC,oneday,17,63
WC,oneday,18,56
WC,oneday,19,49
WC,oneday,20,42
WC,oneday,21,35
WC,oneday,22,28
WC,oneday,23,24
WC,oneday,24,21
WC,oneday,25,18
WC_ITT,oneday,1,250
WC_ITT,oneday,2,190
WC_ITT,oneday,3,170
WC_ITT,oneday,4,150
WC_ITT,oneday,5,140
WC_ITT,oneday,6,130
WC_ITT,oneday,7,120
WC_ITT,oneday,8,110
WC_ITT,oneday,9,100
WC_ITT,oneday,10,90
WC_ITT,oneday,11,80
WC_ITT,oneday,12,70
WC_ITT,oneday,13,65
WC_ITT,oneday,14,60
WC_ITT,oneday,15,55
MON,oneday,1,275
MON,oneday,2,209
MON,oneday,3,187
MON,oneday,4,165
MON,oneday,5,154
MON,oneday,6,143
MON,oneday,7,132
MON,oneday,8,121
MON,oneday,9,110
MON,oneday,10,99
MON,oneday,11,88
MON,oneday,12,77
MON,oneday,13,72
MON,oneday,14,66
MON,oneday,15,60
MON,oneday,16,55
MON,oneday,17,50
MON,oneday,18,44
MON,oneday,19,38
MON,oneday,20,33
MON,oneday,21,28
MON,oneday,22,22
MON,oneday,23,19
MON,oneday,24,16
MON,oneday,25,14
MWT,oneday,1,225
MWT,oneday,2,171
MWT,oneday,3,153
MWT,oneday,4,135
MWT,oneday,5,126
MWT,oneday,6,117
MWT,oneday,7,108
MWT,oneday,8,99
MWT,oneday,9,90
MWT,oneday,10,81
MWT,oneday,11,72
MWT,oneday,12,63
MWT,oneday,13,58
MWT,oneday,14,54
MWT,oneday,15,50
MWT,oneday,16,45
MWT,oneday,17,40
MWT,oneday,18,36
MWT,oneday,19,32
MWT,oneday,20,27
MWT,gc,1,250
MWT,gc,2,190
MWT,gc,3,170
MWT,gc,4,150
MWT,gc,5,140
MWT,gc,6,130
MWT,gc,7,120
MWT,gc,8,110
MWT,gc,9,100
MWT,gc,10,90
MWT,gc,11,80
MWT,gc,12,70
MWT,gc,13,65
MWT,gc,14,60
MWT,gc,15,55
MWT,gc,16,50
MWT,gc,17,45
MWT,gc,18,40
MWT,gc,19,35
MWT,gc,20,30
MWT,stage,1,50
MWT,stage,2,40
MWT,stage,3,32
MWT,stage,4,28
MWT,stage,5,22
MWT,stage,6,18
MWT,stage,7,15
MWT,stage,8,12
MWT,stage,9,10
MWT,stage,10,8
MWT,points_final,1,50
MWT,points_final,2,30
MWT,points_final,3,20
MWT,kom_final,1,50
MWT,kom_final,2,30
MWT,kom_final,3,20
SWT,oneday,1,180
SWT,oneday,2,137
SWT,oneday,3,122
SWT,oneday,4,108
SWT,oneday,5,101
SWT,oneday,6,94
SWT,oneday,7,86
SWT,oneday,8,79
SWT,oneday,9,72
SWT,oneday,10,65
SWT,oneday,11,58
SWT,oneday,12,50
SWT,oneday,13,47
SWT,oneday,14,43
SWT,oneday,15,40
SWT,oneday,16,36
SWT,oneday,17,32
SWT,oneday,18,29
SWT,oneday,19,25
SWT,oneday,20,22
SWT,gc,1,200
SWT,gc,2,152
SWT,gc,3,136
SWT,gc,4,120
SWT,gc,5,112
SWT,gc,6,104
SWT,gc,7,96
SWT,gc,8,88
SWT,gc,9,80
SWT,gc,10,72
SWT,gc,11,64
SWT,gc,12,56
SWT,gc,13,52
SWT,gc,14,48
SWT,gc,15,44
SWT,gc,16,40
SWT,gc,17,36
SWT,gc,18,32
SWT,gc,19,28
SWT,gc,20,24
SWT,stage,1,40
SWT,stage,2,32
SWT,stage,3,26
SWT,stage,4,22
SWT,stage,5,18
SWT,stage,6,14
SWT,stage,7,12
SWT,stage,8,10
SWT,stage,9,8
SWT,stage,10,7
SWT,points_final,1,40
SWT,points_final,2,24
SWT,points_final,3,16
SWT,kom_final,1,40
SWT,kom_final,2,24
SWT,kom_final,3,16
CC,oneday,1,150
CC,oneday,2,114
CC,oneday,3,102
CC,oneday,4,90
CC,oneday,5,84
CC,oneday,6,78
CC,oneday,7,72
CC,oneday,8,66
CC,oneday,9,60
CC,oneday,10,54
CC,oneday,11,48
CC,oneday,12,42
CC,oneday,13,39
CC,oneday,14,36
CC,oneday,15,33
CC_ITT,oneday,1,60
CC_ITT,oneday,2,46
CC_ITT,oneday,3,41
CC_ITT,oneday,4,36
CC_ITT,oneday,5,34
CC_ITT,oneday,6,31
CC_ITT,oneday,7,29
CC_ITT,oneday,8,26
CC_ITT,oneday,9,24
CC_ITT,oneday,10,22
NC,oneday,1,50
NC,oneday,2,38
NC,oneday,3,34
NC,oneday,4,30
NC,oneday,5,28
NC,oneday,6,26
NC,oneday,7,24
NC,oneday,8,22
NC,oneday,9,20
NC,oneday,10,18
NC_ITT,oneday,1,25
NC_ITT,oneday,2,19
NC_ITT,oneday,3,17
NC_ITT,oneday,4,15
NC_ITT,oneday,5,14
PRO,oneday,1,125
PRO,oneday,2,95
PRO,oneday,3,85
PRO,oneday,4,75
PRO,oneday,5,70
PRO,oneday,6,65
PRO,oneday,7,60
PRO,oneday,8,55
PRO,oneday,9,50
PRO,oneday,10,45
PRO,oneday,11,40
PRO,oneday,12,35
PRO,oneday,13,32
PRO,oneday,14,30
PRO,oneday,15,28
PRO,gc,1,150
PRO,gc,2,114
PRO,gc,3,102
PRO,gc,4,90
PRO,gc,5,84
PRO,gc,6,78
PRO,gc,7,72
PRO,gc,8,66
PRO,gc,9,60
PRO,gc,10,54
PRO,gc,11,48
PRO,gc,12,42
PRO,gc,13,39
PRO,gc,14,36
PRO,gc,15,33
PRO,stage,1,30
PRO,stage,2,24
PRO,stage,3,20
PRO,stage,4,16
PRO,stage,5,14
PRO,points_final,1,30
PRO,points_final,2,18
PRO,points_final,3,12
PRO,kom_final,1,30
PRO,kom_final,2,18
PRO,kom_final,3,12
C1,oneday,1,75
C1,oneday,2,57
C1,oneday,3,51
C1,oneday,4,45
C1,oneday,5,42
C1,oneday,6,39
C1,oneday,7,36
C1,oneday,8,33
C1,oneday,9,30
C1,oneday,10,27
C1,gc,1,100
C1,gc,2,76
C1,gc,3,68
C1,gc,4,60
C1,gc,5,56
C1,gc,6,52
C1,gc,7,48
C1,gc,8,44
C1,gc,9,40
C1,gc,10,36
C1,stage,1,20
C1,stage,2,16
C1,stage,3,13
C1,stage,4,11
C1,stage,5,9
C1,points_final,1,20
C1,points_final,2,12
C1,points_final,3,8
C1,kom_final,1,20
C1,kom_final,2,12
C1,kom_final,3,8
